,ID,Domain
0,2,youtube.com
1,3,facebook.com
2,4,baidu.com
3,5,wikipedia.org
4,6,yahoo.com
5,7,google.co.in
6,8,reddit.com
7,9,qq.com
8,10,amazon.com
9,11,taobao.com
10,12,twitter.com
11,13,tmall.com
12,14,google.co.jp
13,15,live.com
14,16,vk.com
15,17,instagram.com
16,18,sohu.com
17,19,sina.com.cn
18,20,jd.com
19,21,weibo.com
20,22,360.cn
21,23,google.de
22,24,google.co.uk
23,25,linkedin.com
24,26,google.com.br
25,27,list.tmall.com
26,28,google.fr
27,29,google.ru
28,30,yandex.ru
29,31,netflix.com
30,32,google.com.hk
31,33,yahoo.co.jp
32,34,google.it
33,35,t.co
34,36,ebay.com
35,37,google.es
36,38,pornhub.com
37,39,imgur.com
38,40,bing.com
39,41,msn.com
40,42,onclkds.com
41,43,twitch.tv
42,44,google.com.mx
43,45,google.ca
44,46,tumblr.com
45,47,gmw.cn
46,48,alipay.com
47,49,livejasmin.com
48,50,xvideos.com
49,51,mail.ru
50,52,microsoft.com
51,53,ok.ru
52,54,aliexpress.com
53,55,wordpress.com
54,56,hao123.com
55,57,stackoverflow.com
56,58,imdb.com
57,59,github.com
58,60,amazon.co.jp
59,61,blogspot.com
60,62,pinterest.com
61,63,csdn.net
62,64,wikia.com
63,65,apple.com
64,66,google.com.tr
65,67,popads.net
66,68,youth.cn
67,69,office.com
68,70,bongacams.com
69,71,paypal.com
70,72,microsoftonline.com
71,73,google.com.tw
72,74,google.com.au
73,75,whatsapp.com
74,76,google.pl
75,77,xhamster.com
76,78,detail.tmall.com
77,79,diply.com
78,80,google.co.id
79,81,adobe.com
80,82,coccoc.com
81,83,craigslist.org
82,84,nicovideo.jp
83,85,txxx.com
84,86,dropbox.com
85,87,amazon.de
86,88,google.com.ar
87,89,amazon.in
88,90,googleusercontent.com
89,91,google.com.pk
90,92,booking.com
91,93,thepiratebay.org
92,94,google.co.th
93,95,porn555.com
94,96,pixnet.net
95,97,tianya.cn
96,98,google.com.eg
97,99,china.com
98,100,bbc.co.uk
99,101,soso.com
100,102,google.com.sa
101,103,savefrom.net
102,104,amazon.co.uk
103,105,bbc.com
104,106,fc2.com
105,107,mozilla.org
106,108,rakuten.co.jp
107,109,uptodown.com
108,110,cnn.com
109,111,so.com
110,112,soundcloud.com
111,113,google.com.ua
112,114,quora.com
113,115,amazonaws.com
114,116,ask.com
115,117,clicksgear.com
116,118,xnxx.com
117,119,google.nl
118,120,nytimes.com
119,121,naver.com
120,122,ettoday.net
121,123,adf.ly
122,124,dailymotion.com
123,125,onlinesbi.com
124,126,google.co.za
125,127,steamcommunity.com
126,128,google.co.ve
127,129,salesforce.com
128,130,espn.com
129,131,fbcdn.net
130,132,stackexchange.com
131,133,blogger.com
132,134,chase.com
133,135,google.co.kr
134,136,ebay.de
135,137,vimeo.com
136,138,vice.com
137,139,theguardian.com
138,140,blastingnews.com
139,141,tribunnews.com
140,142,steampowered.com
141,143,chaturbate.com
142,144,ebay.co.uk
143,145,detik.com
144,146,google.gr
145,147,google.com.vn
146,148,buzzfeed.com
147,149,indeed.com
148,150,dailymail.co.uk
149,151,mediafire.com
150,152,avito.ru
151,153,cnet.com
152,154,google.com.sg
153,155,globo.com
154,156,xinhuanet.com
155,157,openload.co
156,158,spotify.com
157,159,flipkart.com
158,160,ladbible.com
159,161,google.com.ph
160,162,google.com.co
161,163,popcash.net
162,164,google.be
163,165,google.se
164,166,deviantart.com
165,167,zhihu.com
166,168,google.cn
167,169,roblox.com
168,170,github.io
169,171,walmart.com
170,172,google.az
171,173,douyu.com
172,174,uol.com.br
173,175,force.com
174,176,slideshare.net
175,177,upornia.com
176,178,wikihow.com
177,179,yelp.com
178,180,twimg.com
179,181,daikynguyenvn.com
180,182,w3schools.com
181,183,washingtonpost.com
182,184,china.com.cn
183,185,pinimg.com
184,186,godaddy.com
185,187,etsy.com
186,188,rambler.ru
187,189,alibaba.com
188,190,sogou.com
189,191,nih.gov
190,192,google.at
191,193,hclips.com
192,194,softonic.com
193,195,babytree.com
194,196,redtube.com
195,197,google.com.ng
196,198,iwanttodeliver.com
197,199,9gag.com
198,200,slack.com
199,201,google.com.pe
200,202,bankofamerica.com
201,203,mercadolivre.com.br
202,204,4chan.org
203,205,google.ro
204,206,cpm10.com
205,207,thestartmagazine.com
206,208,google.cz
207,209,redd.it
208,210,google.ch
209,211,tripadvisor.com
210,212,bet365.com
211,213,gfycat.com
212,214,amazon.fr
213,215,performanceadexchange.com
214,216,metropcs.mobi
215,217,bp.blogspot.com
216,218,discordapp.com
217,219,google.cl
218,220,wellsfargo.com
219,221,trello.com
220,222,amazon.it
221,223,indiatimes.com
222,224,battle.net
223,225,google.pt
224,226,zillow.com
225,227,1688.com
226,228,google.co.ao
227,229,messenger.com
228,230,thewhizmarketing.com
229,231,google.no
230,232,kinogo.club
231,233,kissanime.ru
232,234,mama.cn
233,235,gamepedia.com
234,236,youporn.com
235,237,forbes.com
236,238,people.com.cn
237,239,myway.com
238,240,yts.ag
239,241,tokopedia.com
240,242,google.ae
241,243,abs-cbn.com
242,244,youm7.com
243,245,pipeschannels.com
244,246,weather.com
245,247,outbrain.com
246,248,ameblo.jp
247,249,ikea.com
248,250,spotscenered.info
249,251,kakaku.com
250,252,trackmedia101.com
251,253,mega.nz
252,254,39.net
253,255,bilibili.com
254,256,google.dz
255,257,huffingtonpost.com
256,258,hotmovs.com
257,259,speedtest.net
258,260,livejournal.com
259,261,reimageplus.com
260,262,google.ie
261,263,adexchangeprediction.com
262,264,hotstar.com
263,265,rarbg.to
264,266,wetransfer.com
265,267,ign.com
266,268,doubleclick.net
267,269,google.hu
268,270,irctc.co.in
269,271,gomovies.to
270,272,foxnews.com
271,273,aol.com
272,274,sharepoint.com
273,275,google.co.il
274,276,archive.org
275,277,airbnb.com
276,278,allegro.pl
277,279,torrentz2.eu
278,280,bestbuy.com
279,281,amazon.cn
280,282,ltn.com.tw
281,283,huanqiu.com
282,284,leboncoin.fr
283,285,google.dk
284,286,cnblogs.com
285,287,files.wordpress.com
286,288,bitauto.com
287,289,dingit.tv
288,290,codeonclick.com
289,291,feedly.com
290,292,sumatoad.com
291,293,amazon.es
292,294,freepik.com
293,295,shutterstock.com
294,296,wikimedia.org
295,297,google.fi
296,298,huaban.com
297,299,skype.com
298,300,caijing.com.cn
299,301,ebay-kleinanzeigen.de
300,302,businessinsider.com
301,303,k618.cn
302,304,breitbart.com
303,305,liputan6.com
304,306,kinopoisk.ru
305,307,onlinevideoconverter.com
306,308,wordreference.com
307,309,kompas.com
308,310,hdzog.com
309,311,chinadaily.com.cn
310,312,giphy.com
311,313,sberbank.ru
312,314,blogspot.com.br
313,315,zippyshare.com
314,316,rutracker.org
315,317,spankbang.com
316,318,flickr.com
317,319,blogspot.in
318,320,fmovies.is
319,321,genius.com
320,322,subject.tmall.com
321,323,2ch.net
322,324,tfetimes.com
323,325,espncricinfo.com
324,326,mediawhirl.net
325,327,gamefaqs.com
326,328,sourceforge.net
327,329,scribd.com
328,330,telegram.org
329,331,videodownloadconverter.com
330,332,researchgate.net
331,333,gismeteo.ru
332,334,mailchimp.com
333,335,accuweather.com
334,336,xfinity.com
335,337,aliyun.com
336,338,homedepot.com
337,339,sabah.com.tr
338,340,mmofreegames.online
339,341,web.de
340,342,eastday.com
341,343,gmx.net
342,344,leagueoflegends.com
343,345,youtube-mp3.org
344,346,rumble.com
345,347,asos.com
346,348,varzesh3.com
347,349,daum.net
348,350,google.sk
349,351,1337x.to
350,352,office365.com
351,353,naver.jp
352,354,medium.com
353,355,ouo.io
354,356,hola.com
355,357,thesaurus.com
356,358,shopify.com
357,359,orange.fr
358,360,media.tumblr.com
359,361,digikala.com
360,362,rt.com
361,363,ndtv.com
362,364,livedoor.com
363,365,oracle.com
364,366,telegraph.co.uk
365,367,wordpress.org
366,368,olx.ua
367,369,zendesk.com
368,370,amazon.ca
369,371,samsung.com
370,372,icloud.com
371,373,redirectvoluum.com
372,374,cricbuzz.com
373,375,gearbest.com
374,376,userapi.com
375,377,goodreads.com
376,378,goo.ne.jp
377,379,capitalone.com
378,380,bukalapak.com
379,381,streamable.com
380,382,weebly.com
381,383,taboola.com
382,384,hp.com
383,385,hulu.com
384,386,americanexpress.com
385,387,google.kz
386,388,iqoption.com
387,389,target.com
388,390,beeg.com
389,391,usps.com
390,392,ci123.com
391,393,askcom.me
392,394,kaskus.co.id
393,395,weevah2.top
394,396,subscene.com
395,397,atlassian.net
396,398,repubblica.it
397,399,providr.com
398,400,onet.pl
399,401,aparat.com
400,402,ups.com
401,403,newstarads.com
402,404,youdao.com
403,405,evernote.com
404,406,independent.co.uk
405,407,rednet.cn
406,408,canva.com
407,409,hatena.ne.jp
408,410,rottentomatoes.com
409,411,nownews.com
410,412,hdfcbank.com
411,413,wittyfeed.com
412,414,spiegel.de
413,415,elpais.com
414,416,taleo.net
415,417,bet9ja.com
416,418,ibm.com
417,419,yesky.com
418,420,boredpanda.com
419,421,udemy.com
420,422,livedoor.jp
421,423,shink.in
422,424,iqiyi.com
423,425,asdfz.pro
424,426,duckduckgo.com
425,427,hatenablog.com
426,428,sciencedirect.com
427,429,fiverr.com
428,430,wp.pl
429,431,mlb.com
430,432,mercadolibre.com.ar
431,433,go.com
432,434,gyazo.com
433,435,naij.com
434,436,reverso.net
435,437,ensonhaber.com
436,438,setn.com
437,439,patreon.com
438,440,google.com.kw
439,441,doublepimpssl.com
440,442,cloudfront.net
441,443,line.me
442,444,jrj.com.cn
443,445,myanimelist.net
444,446,upwork.com
445,447,incometaxindiaefiling.gov.in
446,448,intuit.com
447,449,nametests.com
448,450,mobileofferplace.site
449,451,themeforest.net
450,452,piz7ohhujogi.com
451,453,oeeee.com
452,454,seasonvar.ru
453,455,dell.com
454,456,bloomberg.com
455,457,cerpen.co.id
456,458,playstation.com
457,459,urbandictionary.com
458,460,behance.net
459,461,fedex.com
460,462,groupon.com
461,463,qiita.com
462,464,exoclick.com
463,465,box.com
464,466,scribol.com
465,467,doublepimp.com
466,468,glassdoor.com
467,469,uidai.gov.in
468,470,theverge.com
469,471,marca.com
470,472,coinmarketcap.com
471,473,wix.com
472,474,slickdeals.net
473,475,baike.com
474,476,rediff.com
475,477,google.co.nz
476,478,haber7.com
477,479,ytimg.com
478,480,free.fr
479,481,4dsply.com
480,482,yadi.sk
481,483,patch.com
482,484,ultimate-guitar.com
483,485,163.com
484,486,zoho.com
485,487,onedio.com
486,488,thewhizproducts.com
487,489,pandora.com
488,490,google.bg
489,491,perfecttoolmedia.com
490,492,taringa.net
491,493,sportbible.com
492,494,citi.com
493,495,momoshop.com.tw
494,496,kickstarter.com
495,497,ebay.it
496,498,icicibank.com
497,499,seznam.cz
498,500,biobiochile.cl
499,501,gizmodo.com
500,502,wowhead.com
501,503,manoramaonline.com
502,504,t-online.de
503,505,lifebuzz.com
504,506,lazada.co.id
505,507,cnzz.com
506,508,conservativetribune.com
507,509,wattpad.com
508,510,sahibinden.com
509,511,ebay.com.au
510,512,pixabay.com
511,513,naukri.com
512,514,yandex.ua
513,515,launchpage.org
514,516,umblr.com
515,517,mi.com
516,518,webmd.com
517,519,goal.com
518,520,gamer.com.tw
519,521,gsmarena.com
520,522,tutorialspoint.com
521,523,siteadvisor.com
522,524,billdesk.com
523,525,libero.it
524,526,reuters.com
525,527,list-manage.com
526,528,mercadolibre.com.mx
527,529,poloniex.com
528,530,paytm.com
529,531,olx.pl
530,532,google.lk
531,533,bleacherreport.com
532,534,google.rs
533,535,shaparak.ir
534,536,emol.com
535,537,tube8.com
536,538,blackboard.com
537,539,pantip.com
538,540,vporn.com
539,541,pikabu.ru
540,542,expedia.com
541,543,filehippo.com
542,544,friv.com
543,545,usatoday.com
544,546,nur.kz
545,547,chatwork.com
546,548,merdeka.com
547,549,xda-developers.com
548,550,pulseonclick.com
549,551,ptt.cc
550,552,vtv.vn
551,553,humblebundle.com
552,554,instructure.com
553,555,ck101.com
554,556,dictionary.com
555,557,hilltopads.net
556,558,wiktionary.org
557,559,tvbs.com.tw
558,560,nike.com
559,561,porn.com
560,562,uploaded.net
561,563,lemonde.fr
562,564,liftable.com
563,565,azlyrics.com
564,566,google.by
565,567,att.com
566,568,givemesport.com
567,569,hurriyet.com.tr
568,570,bild.de
569,571,albawabhnews.com
570,572,wsj.com
571,573,asana.com
572,574,tistory.com
573,575,souq.com
574,576,newegg.com
575,577,mit.edu
576,578,kapanlagi.com
577,579,coinbase.com
578,580,wixsite.com
579,581,hubspot.com
580,582,flirt4free.com
581,583,hm.com
582,584,104.com.tw
583,585,drom.ru
584,586,sabq.org
585,587,pages.tmall.com
586,588,google.com.do
587,589,chip.de
588,590,asus.com
589,591,wiley.com
590,592,elmundo.es
591,593,kijiji.ca
592,594,hespress.com
593,595,inquirer.net
594,596,tabelog.com
595,597,jabong.com
596,598,17ok.com
597,599,lk21.org
598,600,blogspot.mx
599,601,hotels.com
600,602,engadget.com
601,603,gogoanime.io
602,604,banggood.com
603,605,thefreedictionary.com
604,606,okta.com
605,607,4shared.com
606,608,npr.org
607,609,apple-panda.com
608,610,comcast.net
609,611,okdiario.com
610,612,ouedkniss.com
611,613,cambridge.org
612,614,kooora.com
613,615,ria.ru
614,616,dmm.co.jp
615,617,wunderground.com
616,618,getpocket.com
617,619,youjizz.com
618,620,discogs.com
619,621,adp.com
620,622,bandcamp.com
621,623,weblio.jp
622,624,as.com
623,625,wish.com
624,626,51sole.com
625,627,animeflv.net
626,628,squarespace.com
627,629,ctitv.com.tw
628,630,gamespot.com
629,631,lolsided.com
630,632,likrete.com
631,633,sex.com
632,634,olx.com.br
633,635,xe.com
634,636,life.tw
635,637,corriere.it
636,638,techcrunch.com
637,639,verizonwireless.com
638,640,youboy.com
639,641,milliyet.com.tr
640,642,jianshu.com
641,643,terraclicks.com
642,644,jeuxvideo.com
643,645,webex.com
644,646,drtuber.com
645,647,okcupid.com
646,648,mbc.net
647,649,badoo.com
648,650,convert2mp3.net
649,651,google.hr
650,652,drive2.ru
651,653,meetup.com
652,654,nikkei.com
653,655,discuss.com.hk
654,656,chinaz.com
655,657,mywatchseries.to
656,658,lapatilla.com
657,659,quizlet.com
658,660,blpmovies.com
659,661,bitbucket.org
660,662,douban.com
661,663,mundo.com
662,664,linkshrink.net
663,665,thekitchn.com
664,666,norton.com
665,667,reallifecam.com
666,668,surveymonkey.com
667,669,springer.com
668,670,google.com.ly
669,671,gamingwonderland.com
670,672,blogfa.com
671,673,mercadolibre.com.ve
672,674,lifehacker.com
673,675,fnkyyrgraizy.com
674,676,thevideo.me
675,677,suning.com
676,678,neobux.com
677,679,brilio.net
678,680,coursera.org
679,681,lowes.com
680,682,eksisozluk.com
681,683,lefigaro.fr
682,684,liveadexchanger.com
683,685,alicdn.com
684,686,ebay.in
685,687,japanpost.jp
686,688,drudgereport.com
687,689,kotaku.com
688,690,lenta.ru
689,691,blog.jp
690,692,ask.fm
691,693,buyma.com
692,694,goo.gl
693,695,myfreecams.com
694,696,ccm.net
695,697,uptobox.com
696,698,beytoote.com
697,699,cnbc.com
698,700,prezi.com
699,701,motherless.com
700,702,superuser.com
701,703,chaoshi.tmall.com
702,704,newtabtv.com
703,705,eskimi.com
704,706,google.tn
705,707,namnak.com
706,708,realtor.com
707,709,indoxxi.net
708,710,avg.com
709,711,investopedia.com
710,712,ca.gov
711,713,nypost.com
712,714,ntd.tv
713,715,discover.com
714,716,rapidgator.net
715,717,mobilemonetize.me
716,718,mirror.co.uk
717,719,www.gov.uk
718,720,infusionsoft.com
719,721,kinokrad.co
720,722,appledaily.com.tw
721,723,academia.edu
722,724,voc.com.cn
723,725,cdiscount.com
724,726,gomovies.is
725,727,lenovo.com
726,728,nba.com
727,729,gmarket.co.kr
728,730,southwest.com
729,731,stockstar.com
730,732,dafont.com
731,733,crunchyroll.com
732,734,macys.com
733,735,moneycontrol.com
734,736,sakura.ne.jp
735,737,subito.it
736,738,g2a.com
737,739,grid.id
738,740,kayak.com
739,741,bodybuilding.com
740,742,googlevideo.com
741,743,urdupoint.com
742,744,fanfiction.net
743,745,camdolls.com
744,746,udn.com
745,747,bitly.com
746,748,secureserver.net
747,749,divar.ir
748,750,thesun.co.uk
749,751,autodesk.com
750,752,winningdealz.com
751,753,vnexpress.net
752,754,banvenez.com
753,755,fwbntw.com
754,756,trulia.com
755,757,eventbrite.com
756,758,fatosdesconhecidos.com.br
757,759,rbc.ru
758,760,fbsbx.com
759,761,addthis.com
760,762,unity3d.com
761,763,caliente.mx
762,764,xtube.com
763,765,howtogeek.com
764,766,android.com
765,767,gotporn.com
766,768,snapdeal.com
767,769,streamcloud.eu
768,770,wp.com
769,771,ecosia.org
770,772,westernjournalism.com
771,773,investing.com
772,774,cisco.com
773,775,interia.pl
774,776,thebalance.com
775,777,elbalad.news
776,778,elmogaz.com
777,779,commentcamarche.net
778,780,tomshardware.com
779,781,el-nacional.com
780,782,google.com.ec
781,783,fidelity.com
782,784,4pda.ru
783,785,oschina.net
784,786,express.co.uk
785,787,viva.co.id
786,788,duolingo.com
787,789,php.net
788,790,prothom-alo.com
789,791,hamariweb.com
790,792,europa.eu
791,793,jimdo.com
792,794,indianexpress.com
793,795,cpmofferconvert.com
794,796,trackingclick.net
795,797,telewebion.com
796,798,latimes.com
797,799,how01.com
798,800,techradar.com
799,801,timeanddate.com
800,802,zone-telechargement.ws
801,803,voyeurhit.com
802,804,fanpage.gr
803,805,pchome.com.tw
804,806,okezone.com
805,807,intel.com
806,808,bhphotovideo.com
807,809,gazetaexpress.com
808,810,uber.com
809,811,disqus.com
810,812,google.lt
811,813,kizlarsoruyor.com
812,814,grammarly.com
813,815,kissasian.com
814,816,hootsuite.com
815,817,khanacademy.org
816,818,qoolquiz.com
817,819,zara.com
818,820,pirateproxy.cc
819,821,nordstrom.com
820,822,google.iq
821,823,ieee.org
822,824,pof.com
823,825,ebay.fr
824,826,mobile01.com
825,827,zing.vn
826,828,sockshare.net
827,829,lifewire.com
828,830,instructables.com
829,831,wykop.pl
830,832,disq.us
831,833,my-hit.org
832,834,chinaso.com
833,835,directrev.com
834,836,internetspeedtracker.com
835,837,kinoprofi.org
836,838,deviantart.net
837,839,intoday.in
838,840,blogspot.jp
839,841,jw.org
840,842,vidzi.tv
841,843,gazeta.pl
842,844,protect-your-privacy.net
843,845,thehill.com
844,846,google.com.mm
845,847,fromdoctopdf.com
846,848,delta.com
847,849,hts68934.com
848,850,prnt.sc
849,851,olx.in
850,852,faithtap.com
851,853,mobile.de
852,854,yenisafak.com
853,855,gongchang.com
854,856,time.com
855,857,yaplakal.com
856,858,y8.com
857,859,solarmoviez.to
858,860,58.com
859,861,allrecipes.com
860,862,sinoptik.ua
861,863,eyny.com
862,864,donga.com
863,865,sapo.pt
864,866,merriam-webster.com
865,867,python.org
866,868,sarkariresult.com
867,869,popmyads.com
868,870,cam4.com
869,871,52pk.com
870,872,usnews.com
871,873,stanford.edu
872,874,sporx.com
873,875,sh.st
874,876,askubuntu.com
875,877,cbsnews.com
876,878,mangafox.me
877,879,eltrack.pro
878,880,myntra.com
879,881,cqnews.net
880,882,tebyan.net
881,883,dailypakistan.com.pk
882,884,ukr.net
883,885,issuu.com
884,886,caixa.gov.br
885,887,adnetworkperformance.com
886,888,state.gov
887,889,justdial.com
888,890,sputniknews.com
889,891,myfitnesspal.com
890,892,ticketmaster.com
891,893,bittrex.com
892,894,zoom.us
893,895,wtoip.com
894,896,xbox.com
895,897,google.com.gt
896,898,comicbook.com
897,899,asahi.com
898,900,codepen.io
899,901,makemytrip.com
900,902,tnctrx.com
901,903,metropoles.com
902,904,sugklonistiko.gr
903,905,idnes.cz
904,906,primewire.ag
905,907,nature.com
906,908,dianping.com
907,909,nikkeibp.co.jp
908,910,dict.cc
909,911,redfin.com
910,912,costco.com
911,913,nbcnews.com
912,914,agoda.com
913,915,lazada.com.my
914,916,bankmellat.ir
915,917,huawei.com
916,918,allocine.fr
917,919,usaa.com
918,920,admarketplace.net
919,921,strava.com
920,922,world.tmall.com
921,923,prpops.com
922,924,qingdaonews.com
923,925,plarium.com
924,926,nocookie.net
925,927,tellonym.de
926,928,idntimes.com
927,929,google.si
928,930,op.gg
929,931,airtel.in
930,932,food.tmall.com
931,933,mashable.com
932,934,ruten.com.tw
933,935,zomato.com
934,936,brazzers.com
935,937,clipconverter.cc
936,938,andhrajyothy.com
937,939,labanquepostale.fr
938,940,chron.com
939,941,zapmeta.ws
940,942,politico.com
941,943,cbc.ca
942,944,gutefrage.net
943,945,href.li
944,946,torrentproject.se
945,947,visualstudio.com
946,948,uzone.id
947,949,focus.de
948,950,google.tm
949,951,united.com
950,952,segmentfault.com
951,953,welt.de
952,954,zhanqi.tv
953,955,ampxchange.com
954,956,yandex.com.tr
955,957,likemag.com
956,958,primevideo.com
957,959,torrent9.cc
958,960,turbobit.net
959,961,chouftv.ma
960,962,freejobalert.com
961,963,gazzetta.it
962,964,perfectgirls.net
963,965,lazada.com.ph
964,966,tnaflix.com
965,967,worldstarhiphop.com
966,968,x48fly.com
967,969,java.com
968,970,ero-advertising.com
969,971,liveinternet.ru
970,972,awesomeforyou.club
971,973,dostor.org
972,974,vetogate.com
973,975,digitalprivacyalert.org
974,976,secure-surf.net
975,977,11st.co.kr
976,978,dribbble.com
977,979,webtretho.com
978,980,tomsguide.com
979,981,imagetwist.com
980,982,lun.com
981,983,bookmyshow.com
982,984,ancestry.com
983,985,ea.com
984,986,artstation.com
985,987,livestrong.com
986,988,piriform.com
987,989,nulltheme.net
988,990,wayfair.com
989,991,theatlantic.com
990,992,apache.org
991,993,liveleak.com
992,994,skysports.com
993,995,polygon.com
994,996,cimaclub.com
995,997,td.com
996,998,pcgamer.com
997,999,internetdownloadmanager.com
998,1000,lazada.co.th
999,1001,dmv.org
1000,1002,elvenar.com
1001,1003,bhaskar.com
1002,1004,avira.com
1003,1005,vjav.com
1004,1006,photobucket.com
1005,1007,ryanair.com
1006,1008,datumglobal.com
1007,1009,pastebin.com
1008,1010,namasha.com
1009,1011,friendsheart.com
1010,1012,aa.com
1011,1013,google.com.af
1012,1014,ablogica.com
1013,1015,n11.com
1014,1016,yjc.ir
1015,1017,vesti.ru
1016,1018,guancha.cn
1017,1019,custhelp.com
1018,1020,avast.com
1019,1021,hepsiburada.com
1020,1022,almasryalyoum.com
1021,1023,elfagr.org
1022,1024,eol.cn
1023,1025,elwatannews.com
1024,1026,yandex.kz
1025,1027,itmedia.co.jp
1026,1028,alwafd.org
1027,1029,usbank.com
1028,1030,cdninstagram.com
1029,1031,dream.co.id
1030,1032,creditkarma.com
1031,1033,gmanetwork.com
1032,1034,teepr.com
1033,1035,junbi-tracker.com
1034,1036,yespornplease.com
1035,1037,ipetgroup.com
1036,1038,mileroticos.com
1037,1039,mynavi.jp
1038,1040,kknews.cc
1039,1041,rightmove.co.uk
1040,1042,tmz.com
1041,1043,adme.ru
1042,1044,familydoctor.com.cn
1043,1045,abcnews.go.com
1044,1046,icy-veins.com
1045,1047,mixplugin.com
1046,1048,google.com.my
1047,1049,joq.al
1048,1050,dcard.tw
1049,1051,1tv.ru
1050,1052,alodokter.com
1051,1053,wuxiaworld.com
1052,1054,dawn.com
1053,1055,jiameng.com
1054,1056,nextdoor.com
1055,1057,harvard.edu
1056,1058,dumedia.ru
1057,1059,deezer.com
1058,1060,debate.com.mx
1059,1061,repelis.tv
1060,1062,sanjesh.org
1061,1063,biblegateway.com
1062,1064,nasa.gov
1063,1065,cbssports.com
1064,1066,filmfanatic.com
1065,1067,keepvid.com
1066,1068,nextlnk13.com
1067,1069,thewhizmarket.co
1068,1070,knowyourmeme.com
1069,1071,pexels.com
1070,1072,chess.com
1071,1073,elevenia.co.id
1072,1074,news.com.au
1073,1075,hh.ru
1074,1076,farsnews.com
1075,1077,nmisr.com
1076,1078,smallpdf.com
1077,1079,pcmag.com
1078,1080,seesaa.net
1079,1081,eporner.com
1080,1082,wired.com
1081,1083,fishki.net
1082,1084,ted.com
1083,1085,india.com
1084,1086,mobafire.com
1085,1087,gumtree.com
1086,1088,translationbuddy.com
1087,1089,movie2free.com
1088,1090,socialblade.com
1089,1091,thepennyhoarder.com
1090,1092,rutube.ru
1091,1093,abril.com.br
1092,1094,zhaopin.com
1093,1095,oneindia.com
1094,1096,nhk.or.jp
1095,1097,ebc.net.tw
1096,1098,mejortorrent.com
1097,1099,rarbg.is
1098,1100,gap.com
1099,1101,royalbank.com
1100,1102,tim.it
1101,1103,blogspot.fr
1102,1104,voluumtrk.com
1103,1105,w3school.com.cn
1104,1106,istockphoto.com
1105,1107,infobae.com
1106,1108,extratorrent.ag
1107,1109,francetvinfo.fr
1108,1110,yodobashi.com
1109,1111,mysearch.com
1110,1112,att.net
1111,1113,auction.co.kr
1112,1114,tilestwra.com
1113,1115,wetter.com
1114,1116,sfr.fr
1115,1117,tamilrockers.nu
1116,1118,wenxuecity.com
1117,1119,edx.org
1118,1120,kohls.com
1119,1121,ifeng.com
1120,1122,blogspot.tw
1121,1123,readms.net
1122,1124,ebay.ca
1123,1125,b2b.cn
1124,1126,sfgate.com
1125,1127,watchfree.to
1126,1128,ebates.com
1127,1129,metro.co.uk
1128,1130,argaam.com
1129,1131,searchalgo.com
1130,1132,jumia.com.ng
1131,1133,eroterest.net
1132,1134,twoo.com
1133,1135,myanmarload.com
1134,1136,aljazeera.net
1135,1137,rozetka.com.ua
1136,1138,dhgate.com
1137,1139,quizzstar.com
1138,1140,absoluteclickscom.com
1139,1141,123rf.com
1140,1142,slate.com
1141,1143,skyscanner.net
1142,1144,hbogo.com
1143,1145,gosuslugi.ru
1144,1146,filmweb.pl
1145,1147,cookpad.com
1146,1148,tripadvisor.co.uk
1147,1149,cinecalidad.to
1148,1150,opensubtitles.org
1149,1151,efrable.info
1150,1152,gittigidiyor.com
1151,1153,pelisplus.tv
1152,1154,onclickads.net
1153,1155,bomb01.com
1154,1156,nuvid.com
1155,1157,change.org
1156,1158,gazeta.ru
1157,1159,fotostrana.ru
1158,1160,1fichier.com
1159,1161,icims.com
1160,1162,pole-emploi.fr
1161,1163,ebay.es
1162,1164,kinozal.tv
1163,1165,shopclues.com
1164,1166,utorrent.com
1165,1167,nanoadexchange.com
1166,1168,bs.to
1167,1169,basecamp.com
1168,1170,miui.com
1169,1171,lequipe.fr
1170,1172,onclickmax.com
1171,1173,wowkeren.com
1172,1174,axisbank.co.in
1173,1175,xing.com
1174,1176,sina.com.tw
1175,1177,v2ex.com
1176,1178,poste.it
1177,1179,usenet.nl
1178,1180,thehindu.com
1179,1181,blogspot.com.ar
1180,1182,bintang.com
1181,1183,clixsense.com
1182,1184,ameba.jp
1183,1185,retailmenot.com
1184,1186,ficbook.net
1185,1187,bola.net
1186,1188,eztv.ag
1187,1189,makeuseof.com
1188,1190,akamaihd.net
1189,1191,nairaland.com
1190,1192,mynet.com
1191,1193,brassring.com
1192,1194,people.com
1193,1195,milanuncios.com
1194,1196,weather.gov
1195,1197,kp.ru
1196,1198,voirfilms.info
1197,1199,deadspin.com
1198,1200,echo.msk.ru
1199,1201,adbooth.com
